name,url
道樂屋台,https://www.google.com.tw/maps/place/%E9%81%93%E6%A8%82%E5%B1%8B%E5%8F%B0/data=!4m7!3m6!1s0x3442aeb06f798787:0x84d2e3b67fa141bc!8m2!3d25.0880955!4d121.5235419!16s%2Fg%2F11cs19bw10!19sChIJh4d5b7CuQjQRvEGhf7bj0oQ?authuser=0&hl=zh-TW&rclk=1
隱家拉麵 士林店,https://www.google.com.tw/maps/place/%E9%9A%B1%E5%AE%B6%E6%8B%89%E9%BA%B5+%E5%A3%AB%E6%9E%97%E5%BA%97/data=!4m7!3m6!1s0x3442af69d400ed81:0xd3780288c1b99726!8m2!3d25.0932112!4d121.5271313!16s%2Fg%2F11h80qb24m!19sChIJge0A1GmvQjQRJpe5wYgCeNM?authuser=0&hl=zh-TW&rclk=1
士林市場地下美食街,https://www.google.com.tw/maps/place/%E5%A3%AB%E6%9E%97%E5%B8%82%E5%A0%B4%E5%9C%B0%E4%B8%8B%E7%BE%8E%E9%A3%9F%E8%A1%97/data=!4m7!3m6!1s0x3442aeb0132e0011:0xecef8c24f0ab6186!8m2!3d25.0880024!4d121.5241766!16s%2Fg%2F11g6mbv8xp!19sChIJEQAuE7CuQjQRhmGr8CSM7-w?authuser=0&hl=zh-TW&rclk=1
食來運轉,https://www.google.com.tw/maps/place/%E9%A3%9F%E4%BE%86%E9%81%8B%E8%BD%89/data=!4m7!3m6!1s0x3442aea54f4802a7:0x969df5cb55d84bc3!8m2!3d25.0893524!4d121.5262045!16s%2Fg%2F1thx6991!19sChIJpwJIT6WuQjQRw0vYVcv1nZY?authuser=0&hl=zh-TW&rclk=1
士林串燒,https://www.google.com.tw/maps/place/%E5%A3%AB%E6%9E%97%E4%B8%B2%E7%87%92/data=!4m7!3m6!1s0x3442af002cacd551:0x4be8bdbbbebc1e0d!8m2!3d25.0878564!4d121.5257469!16s%2Fg%2F11vwkq9qws!19sChIJUdWsLACvQjQRDR68vru96Es?authuser=0&hl=zh-TW&rclk=1
一家食堂,https://www.google.com.tw/maps/place/%E4%B8%80%E5%AE%B6%E9%A3%9F%E5%A0%82/data=!4m7!3m6!1s0x3442af046fed92cb:0xec392765fb8219d9!8m2!3d25.089898!4d121.525534!16s%2Fg%2F12hmhw14j!19sChIJy5LtbwSvQjQR2RmC-2UnOew?authuser=0&hl=zh-TW&rclk=1
士林夜市圓圈圈牛肉麵,https://www.google.com.tw/maps/place/%E5%A3%AB%E6%9E%97%E5%A4%9C%E5%B8%82%E5%9C%93%E5%9C%88%E5%9C%88%E7%89%9B%E8%82%89%E9%BA%B5/data=!4m7!3m6!1s0x3442af304ee5cca7:0x349df23757d2a2d2!8m2!3d25.0878844!4d121.5257597!16s%2Fg%2F11sctncg1b!19sChIJp8zlTjCvQjQR0qLSVzfynTQ?authuser=0&hl=zh-TW&rclk=1
新山韓國烤肉,https://www.google.com.tw/maps/place/%E6%96%B0%E5%B1%B1%E9%9F%93%E5%9C%8B%E7%83%A4%E8%82%89/data=!4m7!3m6!1s0x3442afd72b426373:0x719dc25341411db2!8m2!3d25.0896409!4d121.526677!16s%2Fg%2F11nyt6y3q_!19sChIJc2NCK9evQjQRsh1BQVPCnXE?authuser=0&hl=zh-TW&rclk=1
泰南榮｜士林夜市｜泰式美食｜東南亞美食｜銘傳大學｜打拋豬肉飯｜泰式綠咖哩｜蝦仁炒飯,https://www.google.com.tw/maps/place/%E6%B3%B0%E5%8D%97%E6%A6%AE%EF%BD%9C%E5%A3%AB%E6%9E%97%E5%A4%9C%E5%B8%82%EF%BD%9C%E6%B3%B0%E5%BC%8F%E7%BE%8E%E9%A3%9F%EF%BD%9C%E6%9D%B1%E5%8D%97%E4%BA%9E%E7%BE%8E%E9%A3%9F%EF%BD%9C%E9%8A%98%E5%82%B3%E5%A4%A7%E5%AD%B8%EF%BD%9C%E6%89%93%E6%8B%8B%E8%B1%AC%E8%82%89%E9%A3%AF%EF%BD%9C%E6%B3%B0%E5%BC%8F%E7%B6%A0%E5%92%96%E5%93%A9%EF%BD%9C%E8%9D%A6%E4%BB%81%E7%82%92%E9%A3%AF/data=!4m7!3m6!1s0x3442af2af07eb3a1:0x1878a4c0963d19f8!8m2!3d25.0879944!4d121.526669!16s%2Fg%2F11sb5k3ssw!19sChIJobN-8CqvQjQR-Bk9lsCkeBg?authuser=0&hl=zh-TW&rclk=1
山形心心拉麵,https://www.google.com.tw/maps/place/%E5%B1%B1%E5%BD%A2%E5%BF%83%E5%BF%83%E6%8B%89%E9%BA%B5/data=!4m7!3m6!1s0x3442aea54fa680fb:0x1d2e88d3b4b61705!8m2!3d25.0891971!4d121.5261633!16s%2Fg%2F11c6rh20fw!19sChIJ-4CmT6WuQjQRBRe2tNOILh0?authuser=0&hl=zh-TW&rclk=1
雞老闆 桶仔雞 士林夜市店,https://www.google.com.tw/maps/place/%E9%9B%9E%E8%80%81%E9%97%86+%E6%A1%B6%E4%BB%94%E9%9B%9E+%E5%A3%AB%E6%9E%97%E5%A4%9C%E5%B8%82%E5%BA%97/data=!4m7!3m6!1s0x3442af0011a8c1fd:0x67c301c5026d7769!8m2!3d25.0881435!4d121.525947!16s%2Fg%2F11pc9sl7hm!19sChIJ_cGoEQCvQjQRaXdtAsUBw2c?authuser=0&hl=zh-TW&rclk=1
食尚曼谷,https://www.google.com.tw/maps/place/%E9%A3%9F%E5%B0%9A%E6%9B%BC%E8%B0%B7/data=!4m7!3m6!1s0x3442aebab5192501:0xb28c9dbc0d290c35!8m2!3d25.08975!4d121.525479!16s%2Fg%2F1hhhd_hdd!19sChIJASUZtbquQjQRNQwpDbydjLI?authuser=0&hl=zh-TW&rclk=1
越南祥記美食,https://www.google.com.tw/maps/place/%E8%B6%8A%E5%8D%97%E7%A5%A5%E8%A8%98%E7%BE%8E%E9%A3%9F/data=!4m7!3m6!1s0x3442aea54f83ad95:0xf01f97170e04fd6d!8m2!3d25.0892021!4d121.5262481!16s%2Fg%2F1tdr5wn2!19sChIJla2DT6WuQjQRbf0EDheXH_A?authuser=0&hl=zh-TW&rclk=1
道樂拉麵 大北店,https://www.google.com.tw/maps/place/%E9%81%93%E6%A8%82%E6%8B%89%E9%BA%B5+%E5%A4%A7%E5%8C%97%E5%BA%97/data=!4m7!3m6!1s0x3442aeb06f798787:0x92b8de0fb4558138!8m2!3d25.0896511!4d121.5266475!16s%2Fg%2F11c0rp2yzy!19sChIJh4d5b7CuQjQROIFVtA_euJI?authuser=0&hl=zh-TW&rclk=1
忠誠號蚵仔煎,https://www.google.com.tw/maps/place/%E5%BF%A0%E8%AA%A0%E8%99%9F%E8%9A%B5%E4%BB%94%E7%85%8E/data=!4m7!3m6!1s0x3442aeb013951d07:0xf3e70f06db8d5e88!8m2!3d25.087895!4d121.524414!16s%2Fg%2F11b6b52yqs!19sChIJBx2VE7CuQjQRiF6N2wYP5_M?authuser=0&hl=zh-TW&rclk=1
百八龍拉麵,https://www.google.com.tw/maps/place/%E7%99%BE%E5%85%AB%E9%BE%8D%E6%8B%89%E9%BA%B5/data=!4m7!3m6!1s0x3442aebb2da1e563:0x1ac127b406c295b2!8m2!3d25.091818!4d121.525384!16s%2Fg%2F11g7ywrkhh!19sChIJY-WhLbuuQjQRspXCBrQnwRo?authuser=0&hl=zh-TW&rclk=1
士林炸鮮奶阿姨,https://www.google.com.tw/maps/place/%E5%A3%AB%E6%9E%97%E7%82%B8%E9%AE%AE%E5%A5%B6%E9%98%BF%E5%A7%A8/data=!4m7!3m6!1s0x3442af5fe610aa69:0x1f35040038f2ede2!8m2!3d25.0866193!4d121.524875!16s%2Fg%2F11pbdkg50b!19sChIJaaoQ5l-vQjQR4u3yOAAENR8?authuser=0&hl=zh-TW&rclk=1
士林夜市,https://www.google.com.tw/maps/place/%E5%A3%AB%E6%9E%97%E5%A4%9C%E5%B8%82/data=!4m7!3m6!1s0x3442aeb1c4fdaf05:0xe7c26dbe86e7f929!8m2!3d25.0884972!4d121.5243504!16zL20vMDZsc2Iz!19sChIJBa_9xLGuQjQRKfnnhr5twuc?authuser=0&hl=zh-TW&rclk=1
王艇長酢醬麵,https://www.google.com.tw/maps/place/%E7%8E%8B%E8%89%87%E9%95%B7%E9%85%A2%E9%86%AC%E9%BA%B5/data=!4m7!3m6!1s0x3442aeb179cfb033:0x92e7e9cff61b779d!8m2!3d25.0845738!4d121.5225126!16s%2Fg%2F11b7q31_5r!19sChIJM7DPebGuQjQRnXcb9s_p55I?authuser=0&hl=zh-TW&rclk=1
士林十全排骨店,https://www.google.com.tw/maps/place/%E5%A3%AB%E6%9E%97%E5%8D%81%E5%85%A8%E6%8E%92%E9%AA%A8%E5%BA%97/data=!4m7!3m6!1s0x3442aeb06c9d8efb:0xd2307151abd4f743!8m2!3d25.0881972!4d121.5238973!16s%2Fg%2F1tg58t6r!19sChIJ-46dbLCuQjQRQ_fUq1FxMNI?authuser=0&hl=zh-TW&rclk=1
海友十全排骨,https://www.google.com.tw/maps/place/%E6%B5%B7%E5%8F%8B%E5%8D%81%E5%85%A8%E6%8E%92%E9%AA%A8/data=!4m7!3m6!1s0x3442aebab41391c7:0xd71a8f4bd3c4c900!8m2!3d25.0896619!4d121.5252989!16s%2Fg%2F1wh4cknj!19sChIJx5ETtLquQjQRAMnE00uPGtc?authuser=0&hl=zh-TW&rclk=1
雷雨食堂(泰式便當專賣),https://www.google.com.tw/maps/place/%E9%9B%B7%E9%9B%A8%E9%A3%9F%E5%A0%82%28%E6%B3%B0%E5%BC%8F%E4%BE%BF%E7%95%B6%E5%B0%88%E8%B3%A3%29/data=!4m7!3m6!1s0x3442aea54feeb515:0x31799624a5020452!8m2!3d25.0888204!4d121.5261362!16s%2Fg%2F11bx9mttl8!19sChIJFbXuT6WuQjQRUgQCpSSWeTE?authuser=0&hl=zh-TW&rclk=1
Together Cafe 士林,https://www.google.com.tw/maps/place/Together+Cafe+%E5%A3%AB%E6%9E%97/data=!4m7!3m6!1s0x3442afc263a81a81:0xdecf0ef487842d08!8m2!3d25.0888985!4d121.5188967!16s%2Fg%2F11qmp69_gg!19sChIJgRqoY8KvQjQRCC2Eh_QOz94?authuser=0&hl=zh-TW&rclk=1
五豬牛排,https://www.google.com.tw/maps/place/%E4%BA%94%E8%B1%AC%E7%89%9B%E6%8E%92/data=!4m7!3m6!1s0x3442aeba9f5e35bb:0x694bd66e38f3a649!8m2!3d25.08939!4d121.525345!16s%2Fg%2F1pzxfvx9w!19sChIJuzVen7quQjQRSabzOG7WS2k?authuser=0&hl=zh-TW&rclk=1
大俠請留步,https://www.google.com.tw/maps/place/%E5%A4%A7%E4%BF%A0%E8%AB%8B%E7%95%99%E6%AD%A5/data=!4m7!3m6!1s0x3442afbc88d972ff:0x79e0d54c03c42bdd!8m2!3d25.0897344!4d121.5271151!16s%2Fg%2F11h4_dwtjm!19sChIJ_3LZiLyvQjQR3SvEA0zV4Hk?authuser=0&hl=zh-TW&rclk=1
荷麵亭Hasumentei 士林店,https://www.google.com.tw/maps/place/%E8%8D%B7%E9%BA%B5%E4%BA%ADHasumentei+%E5%A3%AB%E6%9E%97%E5%BA%97/data=!4m7!3m6!1s0x3442aea4a47f2585:0x1fe18f27b1b59fb4!8m2!3d25.0931168!4d121.5266429!16s%2Fg%2F11d_d0w5zd!19sChIJhSV_pKSuQjQRtJ-1sSeP4R8?authuser=0&hl=zh-TW&rclk=1
天東86牛肉麵-士林店,https://www.google.com.tw/maps/place/%E5%A4%A9%E6%9D%B186%E7%89%9B%E8%82%89%E9%BA%B5-%E5%A3%AB%E6%9E%97%E5%BA%97/data=!4m7!3m6!1s0x3442afcf2f1c1633:0xa82607584b76bbdf!8m2!3d25.0921149!4d121.5262486!16s%2Fg%2F11q8yhsyky!19sChIJMxYcL8-vQjQR37t2S1gHJqg?authuser=0&hl=zh-TW&rclk=1
士林夜市,https://www.google.com.tw/maps/place/%E5%A3%AB%E6%9E%97%E5%A4%9C%E5%B8%82/data=!4m7!3m6!1s0x3442af004bf02501:0x94de3eb506db225c!8m2!3d25.0890091!4d121.526239!16s%2Fg%2F11y2mqjgm2!19sChIJASXwSwCvQjQRXCLbBrU-3pQ?authuser=0&hl=zh-TW&rclk=1
鐘家上海生煎包,https://www.google.com.tw/maps/place/%E9%90%98%E5%AE%B6%E4%B8%8A%E6%B5%B7%E7%94%9F%E7%85%8E%E5%8C%85/data=!4m7!3m6!1s0x3442aea55067404f:0xfda54eb0d1955640!8m2!3d25.0894453!4d121.5263425!16s%2Fg%2F12hmw0qg9!19sChIJT0BnUKWuQjQRQFaV0bBOpf0?authuser=0&hl=zh-TW&rclk=1
刁四麻辣燙（士林夜市店）,https://www.google.com.tw/maps/place/%E5%88%81%E5%9B%9B%E9%BA%BB%E8%BE%A3%E7%87%99%EF%BC%88%E5%A3%AB%E6%9E%97%E5%A4%9C%E5%B8%82%E5%BA%97%EF%BC%89/data=!4m7!3m6!1s0x3442af24dfb954a7:0x53f0f8106111634d!8m2!3d25.0891425!4d121.5261107!16s%2Fg%2F11y3cf0fyd!19sChIJp1S53ySvQjQRTWMRYRD48FM?authuser=0&hl=zh-TW&rclk=1
士林夜市深夜流氓熱炒,https://www.google.com.tw/maps/place/%E5%A3%AB%E6%9E%97%E5%A4%9C%E5%B8%82%E6%B7%B1%E5%A4%9C%E6%B5%81%E6%B0%93%E7%86%B1%E7%82%92/data=!4m7!3m6!1s0x3442aeb006be9a03:0x6f3827df124ee5af!8m2!3d25.0882311!4d121.5251808!16s%2Fg%2F1tdd2zfx!19sChIJA5q-BrCuQjQRr-VOEt8nOG8?authuser=0&hl=zh-TW&rclk=1
良益碗粿小食館,https://www.google.com.tw/maps/place/%E8%89%AF%E7%9B%8A%E7%A2%97%E7%B2%BF%E5%B0%8F%E9%A3%9F%E9%A4%A8/data=!4m7!3m6!1s0x3442aeb716de17ad:0x84818495ee29bd4!8m2!3d25.0884894!4d121.5181787!16s%2Fg%2F1td3p5g_!19sChIJrRfeFreuQjQR1JviXkkYSAg?authuser=0&hl=zh-TW&rclk=1
士林老攤鐵板燒,https://www.google.com.tw/maps/place/%E5%A3%AB%E6%9E%97%E8%80%81%E6%94%A4%E9%90%B5%E6%9D%BF%E7%87%92/data=!4m7!3m6!1s0x3442aeb1c01ca653:0x50b1bb93c9dc741f!8m2!3d25.0880024!4d121.5241766!16s%2Fg%2F1tdw1521!19sChIJU6YcwLGuQjQRH3TcyZO7sVA?authuser=0&hl=zh-TW&rclk=1
歡樂便所主題餐廳,https://www.google.com.tw/maps/place/%E6%AD%A1%E6%A8%82%E4%BE%BF%E6%89%80%E4%B8%BB%E9%A1%8C%E9%A4%90%E5%BB%B3/data=!4m7!3m6!1s0x3442aea5150ad477:0x3e5e5a5bfa8ef12c!8m2!3d25.0895891!4d121.5268333!16s%2Fg%2F1thwy496!19sChIJd9QKFaWuQjQRLPGO-ltaXj4?authuser=0&hl=zh-TW&rclk=1
木子豚日式豬排,https://www.google.com.tw/maps/place/%E6%9C%A8%E5%AD%90%E8%B1%9A%E6%97%A5%E5%BC%8F%E8%B1%AC%E6%8E%92/data=!4m7!3m6!1s0x3442a9c1cf8ff467:0xeb7187a71dd9bb72!8m2!3d25.0845574!4d121.522413!16s%2Fg%2F11fvxnx83m!19sChIJZ_SPz8GpQjQRcrvZHaeHces?authuser=0&hl=zh-TW&rclk=1
台南海鮮會館,https://www.google.com.tw/maps/place/%E5%8F%B0%E5%8D%97%E6%B5%B7%E9%AE%AE%E6%9C%83%E9%A4%A8/data=!4m7!3m6!1s0x3442aeba81e3f0e1:0xde7d5bc77362761d!8m2!3d25.0893022!4d121.5226496!16s%2Fg%2F1hhxb3h1n!19sChIJ4fDjgbquQjQRHXZic8dbfd4?authuser=0&hl=zh-TW&rclk=1
道品牛肉麵 士林夜市店,https://www.google.com.tw/maps/place/%E9%81%93%E5%93%81%E7%89%9B%E8%82%89%E9%BA%B5+%E5%A3%AB%E6%9E%97%E5%A4%9C%E5%B8%82%E5%BA%97/data=!4m7!3m6!1s0x3442af428e9004df:0xb24ea521cd78112f!8m2!3d25.0891249!4d121.52482!16s%2Fg%2F11y9yzjc_5!19sChIJ3wSQjkKvQjQRLxF4zSGlTrI?authuser=0&hl=zh-TW&rclk=1
正宗嘉義火雞肉飯,https://www.google.com.tw/maps/place/%E6%AD%A3%E5%AE%97%E5%98%89%E7%BE%A9%E7%81%AB%E9%9B%9E%E8%82%89%E9%A3%AF/data=!4m7!3m6!1s0x140dd073cd2f8bcb:0x45cc13b131eb5a28!8m2!3d25.0851235!4d121.5181273!16s%2Fg%2F11b7hh68kb!19sChIJy4svzXPQDRQRKFrrMbETzEU?authuser=0&hl=zh-TW&rclk=1
日上鐵板燒,https://www.google.com.tw/maps/place/%E6%97%A5%E4%B8%8A%E9%90%B5%E6%9D%BF%E7%87%92/data=!4m7!3m6!1s0x3442aeb01331ffd3:0xb655b791ae06aa9b!8m2!3d25.0880024!4d121.5241766!16s%2Fg%2F1td0w50f!19sChIJ0_8xE7CuQjQRm6oGrpG3VbY?authuser=0&hl=zh-TW&rclk=1
焦糖楓串燒連鎖第一品牌/文林加盟店(限外帶),https://www.google.com.tw/maps/place/%E7%84%A6%E7%B3%96%E6%A5%93%E4%B8%B2%E7%87%92%E9%80%A3%E9%8E%96%E7%AC%AC%E4%B8%80%E5%93%81%E7%89%8C%2F%E6%96%87%E6%9E%97%E5%8A%A0%E7%9B%9F%E5%BA%97%28%E9%99%90%E5%A4%96%E5%B8%B6%29/data=!4m7!3m6!1s0x3442af86e98cf6d5:0xd881d76b6638d6f!8m2!3d25.0886798!4d121.5263617!16s%2Fg%2F11qmblz70w!19sChIJ1faM6YavQjQRb41jtnYdiA0?authuser=0&hl=zh-TW&rclk=1
牛魔王牛排館,https://www.google.com.tw/maps/place/%E7%89%9B%E9%AD%94%E7%8E%8B%E7%89%9B%E6%8E%92%E9%A4%A8/data=!4m7!3m6!1s0x3442aebdc955acbd:0x7ba3127d91214948!8m2!3d25.089309!4d121.5243511!16s%2Fg%2F11h0q6nwx!19sChIJvaxVyb2uQjQRSEkhkX0So3s?authuser=0&hl=zh-TW&rclk=1
川邸鍋物專門 個人鴛鴦鍋（士林劍潭店）,https://www.google.com.tw/maps/place/%E5%B7%9D%E9%82%B8%E9%8D%8B%E7%89%A9%E5%B0%88%E9%96%80+%E5%80%8B%E4%BA%BA%E9%B4%9B%E9%B4%A6%E9%8D%8B%EF%BC%88%E5%A3%AB%E6%9E%97%E5%8A%8D%E6%BD%AD%E5%BA%97%EF%BC%89/data=!4m7!3m6!1s0x3442a95f0561272d:0xce62345fe7a1cfe4!8m2!3d25.0822899!4d121.5234821!16s%2Fg%2F11rcnxszy2!19sChIJLSdhBV-pQjQR5M-h5180Ys4?authuser=0&hl=zh-TW&rclk=1
日向洋食 HINATA （不提供當日訂位，可現場候位),https://www.google.com.tw/maps/place/%E6%97%A5%E5%90%91%E6%B4%8B%E9%A3%9F+HINATA+%EF%BC%88%E4%B8%8D%E6%8F%90%E4%BE%9B%E7%95%B6%E6%97%A5%E8%A8%82%E4%BD%8D%EF%BC%8C%E5%8F%AF%E7%8F%BE%E5%A0%B4%E5%80%99%E4%BD%8D%29/data=!4m7!3m6!1s0x3442af53ae1d87bd:0xd1072943570fe67!8m2!3d25.0906096!4d121.5243643!16s%2Fg%2F11h07x1qbt!19sChIJvYcdrlOvQjQRZ_5wNZRyEA0?authuser=0&hl=zh-TW&rclk=1
佐藤精肉店,https://www.google.com.tw/maps/place/%E4%BD%90%E8%97%A4%E7%B2%BE%E8%82%89%E5%BA%97/data=!4m7!3m6!1s0x3442afbdfa50cdf1:0xc7e5f5bba54fd7b1!8m2!3d25.0894829!4d121.5267222!16s%2Fg%2F11fb20vlf2!19sChIJ8c1Q-r2vQjQRsddPpbv15cc?authuser=0&hl=zh-TW&rclk=1
大統大牛排 대통니우파이,https://www.google.com.tw/maps/place/%E5%A4%A7%E7%B5%B1%E5%A4%A7%E7%89%9B%E6%8E%92+%EB%8C%80%ED%86%B5%EB%8B%88%EC%9A%B0%ED%8C%8C%EC%9D%B4/data=!4m7!3m6!1s0x3442aeb1c01ca653:0x1c7252953bea720a!8m2!3d25.0881567!4d121.5239742!16s%2Fg%2F1tv3lcp9!19sChIJU6YcwLGuQjQRCnLqO5VSchw?authuser=0&hl=zh-TW&rclk=1
NENE CHICKEN士林大南店,https://www.google.com.tw/maps/place/NENE+CHICKEN%E5%A3%AB%E6%9E%97%E5%A4%A7%E5%8D%97%E5%BA%97/data=!4m7!3m6!1s0x3442af5033d6df3d:0xd0759f84f7144eca!8m2!3d25.0889117!4d121.5261676!16s%2Fg%2F11h46vytkz!19sChIJPd_WM1CvQjQRyk4U94SfddA?authuser=0&hl=zh-TW&rclk=1
王子起司馬鈴薯,https://www.google.com.tw/maps/place/%E7%8E%8B%E5%AD%90%E8%B5%B7%E5%8F%B8%E9%A6%AC%E9%88%B4%E8%96%AF/data=!4m7!3m6!1s0x3442aeaff8686545:0xa23c4c90d4ce1cec!8m2!3d25.0864483!4d121.5249692!16s%2Fg%2F1tghm9bm!19sChIJRWVo-K-uQjQR7BzO1JBMPKI?authuser=0&hl=zh-TW&rclk=1
鵝肉川食堂,https://www.google.com.tw/maps/place/%E9%B5%9D%E8%82%89%E5%B7%9D%E9%A3%9F%E5%A0%82/data=!4m7!3m6!1s0x3442aeb2342bd541:0xeb8079a0c1e41ac8!8m2!3d25.0844348!4d121.5233259!16s%2Fg%2F1ptwppvch!19sChIJQdUrNLKuQjQRyBrkwaB5gOs?authuser=0&hl=zh-TW&rclk=1
喫尤平價鐵板燒 - 士林店,https://www.google.com.tw/maps/place/%E5%96%AB%E5%B0%A4%E5%B9%B3%E5%83%B9%E9%90%B5%E6%9D%BF%E7%87%92+-+%E5%A3%AB%E6%9E%97%E5%BA%97/data=!4m7!3m6!1s0x3442afc39bf60c2d:0x4760db2f0d032c29!8m2!3d25.089374!4d121.524935!16s%2Fg%2F11pwwsn204!19sChIJLQz2m8OvQjQRKSwDDS_bYEc?authuser=0&hl=zh-TW&rclk=1
家鄉碳烤香雞排 士林店,https://www.google.com.tw/maps/place/%E5%AE%B6%E9%84%89%E7%A2%B3%E7%83%A4%E9%A6%99%E9%9B%9E%E6%8E%92+%E5%A3%AB%E6%9E%97%E5%BA%97/data=!4m7!3m6!1s0x3442aeb0156aa64d:0x9ea7e1921b439c8f!8m2!3d25.0863609!4d121.5250473!16s%2Fg%2F1trqdxfc!19sChIJTaZqFbCuQjQRj5xDG5Lhp54?authuser=0&hl=zh-TW&rclk=1
辛發亭冰品名店,https://www.google.com.tw/maps/place/%E8%BE%9B%E7%99%BC%E4%BA%AD%E5%86%B0%E5%93%81%E5%90%8D%E5%BA%97/data=!4m7!3m6!1s0x3442aeafffa18b61:0x8957980d57341b75!8m2!3d25.0883944!4d121.5257861!16s%2Fg%2F1tdr0_nq!19sChIJYYuh_6-uQjQRdRs0Vw2YV4k?authuser=0&hl=zh-TW&rclk=1
大上海生煎包,https://www.google.com.tw/maps/place/%E5%A4%A7%E4%B8%8A%E6%B5%B7%E7%94%9F%E7%85%8E%E5%8C%85/data=!4m7!3m6!1s0x3442aea55067404f:0xd56516b2f006595!8m2!3d25.088038!4d121.5258795!16s%2Fg%2F1tdbtg5x!19sChIJT0BnUKWuQjQRlWUAL2tRVg0?authuser=0&hl=zh-TW&rclk=1
冠魚蛋小屋 士林基河路分店（麻辣魚蛋）,https://www.google.com.tw/maps/place/%E5%86%A0%E9%AD%9A%E8%9B%8B%E5%B0%8F%E5%B1%8B+%E5%A3%AB%E6%9E%97%E5%9F%BA%E6%B2%B3%E8%B7%AF%E5%88%86%E5%BA%97%EF%BC%88%E9%BA%BB%E8%BE%A3%E9%AD%9A%E8%9B%8B%EF%BC%89/data=!4m7!3m6!1s0x3442afc5d59806cb:0x8e7d6bbb7b2e9b01!8m2!3d25.08657!4d121.524874!16s%2Fg%2F11hmzsr_k2!19sChIJywaY1cWvQjQRAZsue7trfY4?authuser=0&hl=zh-TW&rclk=1
家湘涼麵,https://www.google.com.tw/maps/place/%E5%AE%B6%E6%B9%98%E6%B6%BC%E9%BA%B5/data=!4m7!3m6!1s0x3442aebab02adddf:0x87859dcfaa9e2489!8m2!3d25.089341!4d121.525041!16s%2Fg%2F1tm66m_y!19sChIJ390qsLquQjQRiSSeqs-dhYc?authuser=0&hl=zh-TW&rclk=1
勝魂丼飯專門店（丼飯.咖哩）,https://www.google.com.tw/maps/place/%E5%8B%9D%E9%AD%82%E4%B8%BC%E9%A3%AF%E5%B0%88%E9%96%80%E5%BA%97%EF%BC%88%E4%B8%BC%E9%A3%AF.%E5%92%96%E5%93%A9%EF%BC%89/data=!4m7!3m6!1s0x3442af2d62218373:0x8c2c24527a8d4bd7!8m2!3d25.0901688!4d121.5269463!16s%2Fg%2F11pz8n3dhl!19sChIJc4MhYi2vQjQR10uNelIkLIw?authuser=0&hl=zh-TW&rclk=1
素之舖,https://www.google.com.tw/maps/place/%E7%B4%A0%E4%B9%8B%E8%88%96/data=!4m7!3m6!1s0x3442aeaff705da35:0xf664541ee62e58cf!8m2!3d25.0879962!4d121.526666!16s%2Fg%2F1pzrz6qvr!19sChIJNdoF96-uQjQRz1gu5h5UZPY?authuser=0&hl=zh-TW&rclk=1
Creative Pasta 創義麵 士林店,https://www.google.com.tw/maps/place/Creative+Pasta+%E5%89%B5%E7%BE%A9%E9%BA%B5+%E5%A3%AB%E6%9E%97%E5%BA%97/data=!4m7!3m6!1s0x3442aebcb2f5ddf1:0x83d99a46c9a81561!8m2!3d25.0947172!4d121.5255797!16s%2Fg%2F11b8d2khgk!19sChIJ8d31sryuQjQRYRWoyUaa2YM?authuser=0&hl=zh-TW&rclk=1
金馥記脆皮烤鴨 士林店,https://www.google.com.tw/maps/place/%E9%87%91%E9%A6%A5%E8%A8%98%E8%84%86%E7%9A%AE%E7%83%A4%E9%B4%A8+%E5%A3%AB%E6%9E%97%E5%BA%97/data=!4m7!3m6!1s0x3442aebb93260be3:0x238f093e01c3f654!8m2!3d25.093995!4d121.521348!16s%2Fg%2F1td78vvv!19sChIJ4wsmk7uuQjQRVPbDAT4JjyM?authuser=0&hl=zh-TW&rclk=1
深夜未歸-士林店,https://www.google.com.tw/maps/place/%E6%B7%B1%E5%A4%9C%E6%9C%AA%E6%AD%B8-%E5%A3%AB%E6%9E%97%E5%BA%97/data=!4m7!3m6!1s0x3442af8574f02311:0xc1906b3a3ff49ff7!8m2!3d25.0893882!4d121.5269445!16s%2Fg%2F11k4q5l4pf!19sChIJESPwdIWvQjQR95_0PzprkME?authuser=0&hl=zh-TW&rclk=1
真好呷蚵仔飽·蝦仁飽,https://www.google.com.tw/maps/place/%E7%9C%9F%E5%A5%BD%E5%91%B7%E8%9A%B5%E4%BB%94%E9%A3%BD%C2%B7%E8%9D%A6%E4%BB%81%E9%A3%BD/data=!4m7!3m6!1s0x3442aeba887b673d:0x1a1415789d76cf33!8m2!3d25.0898238!4d121.5227577!16s%2Fg%2F11gf62fy2y!19sChIJPWd7iLquQjQRM892nXgVFBo?authuser=0&hl=zh-TW&rclk=1
日式小攤,https://www.google.com.tw/maps/place/%E6%97%A5%E5%BC%8F%E5%B0%8F%E6%94%A4/data=!4m7!3m6!1s0x3442aea534d8d387:0x135bbc03ba53a357!8m2!3d25.0901104!4d121.525698!16s%2Fg%2F1tk20mnn!19sChIJh9PYNKWuQjQRV6NTugO8WxM?authuser=0&hl=zh-TW&rclk=1
哈哈羅55泰式船麵(士林店),https://www.google.com.tw/maps/place/%E5%93%88%E5%93%88%E7%BE%8555%E6%B3%B0%E5%BC%8F%E8%88%B9%E9%BA%B5%28%E5%A3%AB%E6%9E%97%E5%BA%97%29/data=!4m7!3m6!1s0x3442aff4d0c7d60f:0x1cb763db69ecc021!8m2!3d25.0888355!4d121.521739!16s%2Fg%2F11r_g4v87k!19sChIJD9bH0PSvQjQRIcDsadtjtxw?authuser=0&hl=zh-TW&rclk=1
哈贊二姐生炒羊肉 士林總店,https://www.google.com.tw/maps/place/%E5%93%88%E8%B4%8A%E4%BA%8C%E5%A7%90%E7%94%9F%E7%82%92%E7%BE%8A%E8%82%89+%E5%A3%AB%E6%9E%97%E7%B8%BD%E5%BA%97/data=!4m7!3m6!1s0x3442afad32ef3b09:0xf21bd0b6a186a135!8m2!3d25.0884368!4d121.5237925!16s%2Fg%2F11s573xrx_!19sChIJCTvvMq2vQjQRNaGGobbQG_I?authuser=0&hl=zh-TW&rclk=1
泰愛了 手工泰式奶茶 士林店,https://www.google.com.tw/maps/place/%E6%B3%B0%E6%84%9B%E4%BA%86+%E6%89%8B%E5%B7%A5%E6%B3%B0%E5%BC%8F%E5%A5%B6%E8%8C%B6+%E5%A3%AB%E6%9E%97%E5%BA%97/data=!4m7!3m6!1s0x3442af531269771d:0xc9b427075ba907a7!8m2!3d25.0894221!4d121.5243592!16s%2Fg%2F11smytbhtw!19sChIJHXdpElOvQjQRpwepWwcntMk?authuser=0&hl=zh-TW&rclk=1
士林夜市廟口好吃肉包,https://www.google.com.tw/maps/place/%E5%A3%AB%E6%9E%97%E5%A4%9C%E5%B8%82%E5%BB%9F%E5%8F%A3%E5%A5%BD%E5%90%83%E8%82%89%E5%8C%85/data=!4m7!3m6!1s0x3442aebabeade2eb:0xc4a11cb73fdf1d02!8m2!3d25.0893501!4d121.5248151!16s%2Fg%2F11h10dx_t!19sChIJ6-KtvrquQjQRAh3fP7ccocQ?authuser=0&hl=zh-TW&rclk=1
臺灣味 魯肉飯 米粉湯,https://www.google.com.tw/maps/place/%E8%87%BA%E7%81%A3%E5%91%B3+%E9%AD%AF%E8%82%89%E9%A3%AF+%E7%B1%B3%E7%B2%89%E6%B9%AF/data=!4m7!3m6!1s0x3442afbff8b428f1:0xdfef6188ca695c97!8m2!3d25.0837881!4d121.5193296!16s%2Fg%2F11ghs2675y!19sChIJ8Si0-L-vQjQRl1xpyohh798?authuser=0&hl=zh-TW&rclk=1
咖啡物語,https://www.google.com.tw/maps/place/%E5%92%96%E5%95%A1%E7%89%A9%E8%AA%9E/data=!4m7!3m6!1s0x3442aea515b90c13:0xf470fccd493313a5!8m2!3d25.0898679!4d121.5262593!16s%2Fg%2F1tddvghw!19sChIJEwy5FaWuQjQRpRMzSc38cPQ?authuser=0&hl=zh-TW&rclk=1
大塊牛排 - 士林店,https://www.google.com.tw/maps/place/%E5%A4%A7%E5%A1%8A%E7%89%9B%E6%8E%92+-+%E5%A3%AB%E6%9E%97%E5%BA%97/data=!4m7!3m6!1s0x3442aebb4aae83ed:0xa230936b67d3300c!8m2!3d25.0927009!4d121.5255661!16s%2Fg%2F1tj7yp3q!19sChIJ7YOuSruuQjQRDDDTZ2uTMKI?authuser=0&hl=zh-TW&rclk=1
歐品鄉廚,https://www.google.com.tw/maps/place/%E6%AD%90%E5%93%81%E9%84%89%E5%BB%9A/data=!4m7!3m6!1s0x3442aea35a85d5e3:0xead46c2a8a03fdad!8m2!3d25.0943943!4d121.5261329!16s%2Fg%2F1tx131w9!19sChIJ49WFWqOuQjQRrf0Diips1Oo?authuser=0&hl=zh-TW&rclk=1
幸也蛋包飯專賣店,https://www.google.com.tw/maps/place/%E5%B9%B8%E4%B9%9F%E8%9B%8B%E5%8C%85%E9%A3%AF%E5%B0%88%E8%B3%A3%E5%BA%97/data=!4m7!3m6!1s0x3442aea538d477f9:0xe5bd6aa973b106dc!8m2!3d25.0897674!4d121.5266321!16s%2Fg%2F1tjs2msr!19sChIJ-XfUOKWuQjQR3Aaxc6lqveU?authuser=0&hl=zh-TW&rclk=1
小倉庫食研所,https://www.google.com.tw/maps/place/%E5%B0%8F%E5%80%89%E5%BA%AB%E9%A3%9F%E7%A0%94%E6%89%80/data=!4m7!3m6!1s0x3442af567d9bb6eb:0xb57f5eb821c3b1!8m2!3d25.0969916!4d121.5213135!16s%2Fg%2F11ftywwq6z!19sChIJ67abfVavQjQRscMhuF5_tQA?authuser=0&hl=zh-TW&rclk=1
日船章魚小丸子(士林夜市),https://www.google.com.tw/maps/place/%E6%97%A5%E8%88%B9%E7%AB%A0%E9%AD%9A%E5%B0%8F%E4%B8%B8%E5%AD%90%28%E5%A3%AB%E6%9E%97%E5%A4%9C%E5%B8%82%29/data=!4m7!3m6!1s0x3442afcf99e0fc9b:0x5085d032a5b77622!8m2!3d25.0880545!4d121.5258154!16s%2Fg%2F11r_cc23f5!19sChIJm_zgmc-vQjQRIna3pTLQhVA?authuser=0&hl=zh-TW&rclk=1
呼吸之間,https://www.google.com.tw/maps/place/%E5%91%BC%E5%90%B8%E4%B9%8B%E9%96%93/data=!4m7!3m6!1s0x3442afce3f5902ef:0xffb001975ace9794!8m2!3d25.0925294!4d121.5232155!16s%2Fg%2F11kjy4rbrs!19sChIJ7wJZP86vQjQRlJfOWpcBsP8?authuser=0&hl=zh-TW&rclk=1
柒息地串燒居酒屋士林店,https://www.google.com.tw/maps/place/%E6%9F%92%E6%81%AF%E5%9C%B0%E4%B8%B2%E7%87%92%E5%B1%85%E9%85%92%E5%B1%8B%E5%A3%AB%E6%9E%97%E5%BA%97/data=!4m7!3m6!1s0x3442afcb0cb52aff:0xc387ec0e6bc2a966!8m2!3d25.0902601!4d121.5266465!16s%2Fg%2F11jxz77wv7!19sChIJ_yq1DMuvQjQRZqnCaw7sh8M?authuser=0&hl=zh-TW&rclk=1
草原風蒙古火鍋,https://www.google.com.tw/maps/place/%E8%8D%89%E5%8E%9F%E9%A2%A8%E8%92%99%E5%8F%A4%E7%81%AB%E9%8D%8B/data=!4m7!3m6!1s0x3442aeb22bc93167:0x7b24ea99168174e8!8m2!3d25.0836582!4d121.5230213!16s%2Fg%2F1tdc7hgm!19sChIJZzHJK7KuQjQR6HSBFpnqJHs?authuser=0&hl=zh-TW&rclk=1
佳貝幸福鍋物 Double Happiness Hotpot,https://www.google.com.tw/maps/place/%E4%BD%B3%E8%B2%9D%E5%B9%B8%E7%A6%8F%E9%8D%8B%E7%89%A9+Double+Happiness+Hotpot/data=!4m7!3m6!1s0x3442affe0ea1154f:0xcc64d1aaa92c5de3!8m2!3d25.0898019!4d121.5267809!16s%2Fg%2F11swz4v5tj!19sChIJTxWhDv6vQjQR410sqarRZMw?authuser=0&hl=zh-TW&rclk=1
Raclette 瑞克雷,https://www.google.com.tw/maps/place/Raclette+%E7%91%9E%E5%85%8B%E9%9B%B7/data=!4m7!3m6!1s0x3442afbffd232a63:0x3aa358ef8020e0f2!8m2!3d25.0893125!4d121.5244455!16s%2Fg%2F11h9h8cls9!19sChIJYyoj_b-vQjQR8uAggO9Yozo?authuser=0&hl=zh-TW&rclk=1
吳家豆干 士林素食辣豆干,https://www.google.com.tw/maps/place/%E5%90%B3%E5%AE%B6%E8%B1%86%E5%B9%B2+%E5%A3%AB%E6%9E%97%E7%B4%A0%E9%A3%9F%E8%BE%A3%E8%B1%86%E5%B9%B2/data=!4m7!3m6!1s0x3442afee7990a557:0xce4b70a4c37caa12!8m2!3d25.0880639!4d121.5260876!16s%2Fg%2F11s5j_68z_!19sChIJV6WQee6vQjQREqp8w6RwS84?authuser=0&hl=zh-TW&rclk=1
士林廟口老店阿亮麵線,https://www.google.com.tw/maps/place/%E5%A3%AB%E6%9E%97%E5%BB%9F%E5%8F%A3%E8%80%81%E5%BA%97%E9%98%BF%E4%BA%AE%E9%BA%B5%E7%B7%9A/data=!4m7!3m6!1s0x3442aeb78757c203:0xdbbe87bb35f76479!8m2!3d25.0894895!4d121.5246162!16s%2Fg%2F1tdnhtz7!19sChIJA8JXh7euQjQReWT3NbuHvts?authuser=0&hl=zh-TW&rclk=1
長林記大餅包小餅,https://www.google.com.tw/maps/place/%E9%95%B7%E6%9E%97%E8%A8%98%E5%A4%A7%E9%A4%85%E5%8C%85%E5%B0%8F%E9%A4%85/data=!4m7!3m6!1s0x3442aeb06e1b24f9:0x4e06f2703e319de9!8m2!3d25.0882929!4d121.5238716!16s%2Fg%2F11b8_0nc6v!19sChIJ-SQbbrCuQjQR6Z0xPnDyBk4?authuser=0&hl=zh-TW&rclk=1
傳統小吃便當店,https://www.google.com.tw/maps/place/%E5%82%B3%E7%B5%B1%E5%B0%8F%E5%90%83%E4%BE%BF%E7%95%B6%E5%BA%97/data=!4m7!3m6!1s0x3442af3880f78467:0xcbc4de6babbcb53d!8m2!3d25.0878071!4d121.5254545!16s%2Fg%2F11kk03pw1y!19sChIJZ4T3gDivQjQRPbW8q2vexMs?authuser=0&hl=zh-TW&rclk=1
吉野烤肉飯 士林店-推薦特色午晚餐 企業公司 團體會議 美食便當餐盒 人氣必吃排隊美食,https://www.google.com.tw/maps/place/%E5%90%89%E9%87%8E%E7%83%A4%E8%82%89%E9%A3%AF+%E5%A3%AB%E6%9E%97%E5%BA%97-%E6%8E%A8%E8%96%A6%E7%89%B9%E8%89%B2%E5%8D%88%E6%99%9A%E9%A4%90+%E4%BC%81%E6%A5%AD%E5%85%AC%E5%8F%B8+%E5%9C%98%E9%AB%94%E6%9C%83%E8%AD%B0+%E7%BE%8E%E9%A3%9F%E4%BE%BF%E7%95%B6%E9%A4%90%E7%9B%92+%E4%BA%BA%E6%B0%A3%E5%BF%85%E5%90%83%E6%8E%92%E9%9A%8A%E7%BE%8E%E9%A3%9F/data=!4m7!3m6!1s0x3442af501bfc66b5:0x8335ddc5fa1a2a37!8m2!3d25.0891462!4d121.5262229!16s%2Fg%2F11g0gb45xt!19sChIJtWb8G1CvQjQRNyoa-sXdNYM?authuser=0&hl=zh-TW&rclk=1
金孫韓廚 義大利麵(士林店),https://www.google.com.tw/maps/place/%E9%87%91%E5%AD%AB%E9%9F%93%E5%BB%9A+%E7%BE%A9%E5%A4%A7%E5%88%A9%E9%BA%B5%28%E5%A3%AB%E6%9E%97%E5%BA%97%29/data=!4m7!3m6!1s0x3442afd6df2c99bd:0x36df3647aa3b5add!8m2!3d25.0932344!4d121.5272067!16s%2Fg%2F11q4d10yt3!19sChIJvZks39avQjQR3Vo7qkc23zY?authuser=0&hl=zh-TW&rclk=1
大頭龍蚵仔煎,https://www.google.com.tw/maps/place/%E5%A4%A7%E9%A0%AD%E9%BE%8D%E8%9A%B5%E4%BB%94%E7%85%8E/data=!4m7!3m6!1s0x3442aeb1c01ca653:0xad005e832a63631a!8m2!3d25.0879384!4d121.5242123!16s%2Fg%2F1pp2vc177!19sChIJU6YcwLGuQjQRGmNjKoNeAK0?authuser=0&hl=zh-TW&rclk=1
阿德泰式煎餅&奶茶,https://www.google.com.tw/maps/place/%E9%98%BF%E5%BE%B7%E6%B3%B0%E5%BC%8F%E7%85%8E%E9%A4%85%26%E5%A5%B6%E8%8C%B6/data=!4m7!3m6!1s0x3442af4dc30b4cb9:0x81b9ed48a265c5dc!8m2!3d25.0871825!4d121.5252275!16s%2Fg%2F11s789cc90!19sChIJuUwLw02vQjQR3MVlokjtuYE?authuser=0&hl=zh-TW&rclk=1
小倉酒場kokura_sakaba,https://www.google.com.tw/maps/place/%E5%B0%8F%E5%80%89%E9%85%92%E5%A0%B4kokura_sakaba/data=!4m7!3m6!1s0x3442afc9b484bb2d:0xad21fd072235cafb!8m2!3d25.0880679!4d121.5235633!16s%2Fg%2F11np35xgk2!19sChIJLbuEtMmvQjQR-8o1Igf9Ia0?authuser=0&hl=zh-TW&rclk=1
士林廟口阿輝麵線,https://www.google.com.tw/maps/place/%E5%A3%AB%E6%9E%97%E5%BB%9F%E5%8F%A3%E9%98%BF%E8%BC%9D%E9%BA%B5%E7%B7%9A/data=!4m7!3m6!1s0x3442aebaa4c8e1ed:0xbccb5fce7599bf03!8m2!3d25.0894006!4d121.5248216!16s%2Fg%2F1tplm_zf!19sChIJ7eHIpLquQjQRA7-Zdc5fy7w?authuser=0&hl=zh-TW&rclk=1
大村武串燒居酒屋-士林店,https://www.google.com.tw/maps/place/%E5%A4%A7%E6%9D%91%E6%AD%A6%E4%B8%B2%E7%87%92%E5%B1%85%E9%85%92%E5%B1%8B-%E5%A3%AB%E6%9E%97%E5%BA%97/data=!4m7!3m6!1s0x3442aeba464f353d:0xc8d367641f14c1b5!8m2!3d25.09148!4d121.5216166!16s%2Fg%2F11b63838zd!19sChIJPTVPRrquQjQRtcEUH2Rn08g?authuser=0&hl=zh-TW&rclk=1
咖啡弄(士林店),https://www.google.com.tw/maps/place/%E5%92%96%E5%95%A1%E5%BC%84%28%E5%A3%AB%E6%9E%97%E5%BA%97%29/data=!4m7!3m6!1s0x3442aebcb0d666f3:0x3e11835cdfb37086!8m2!3d25.0949519!4d121.5250049!16s%2Fg%2F1tgqg38_!19sChIJ82bWsLyuQjQRhnCz31yDET4?authuser=0&hl=zh-TW&rclk=1
醉痞廚房,https://www.google.com.tw/maps/place/%E9%86%89%E7%97%9E%E5%BB%9A%E6%88%BF/data=!4m7!3m6!1s0x3442afd6c55c9387:0xe6dd9dce4d880e62!8m2!3d25.088326!4d121.5234352!16s%2Fg%2F11q98bv_qb!19sChIJh5NcxdavQjQRYg6ITc6d3eY?authuser=0&hl=zh-TW&rclk=1
牛棒碗安GOBO精緻鍋物,https://www.google.com.tw/maps/place/%E7%89%9B%E6%A3%92%E7%A2%97%E5%AE%89GOBO%E7%B2%BE%E7%B7%BB%E9%8D%8B%E7%89%A9/data=!4m7!3m6!1s0x3442aebb2da81563:0x726fd67e77be2bea!8m2!3d25.0917707!4d121.525398!16s%2Fg%2F11g6x9gbk2!19sChIJYxWoLbuuQjQR6iu-d37Wb3I?authuser=0&hl=zh-TW&rclk=1
士林夜市麥芽地瓜,https://www.google.com.tw/maps/place/%E5%A3%AB%E6%9E%97%E5%A4%9C%E5%B8%82%E9%BA%A5%E8%8A%BD%E5%9C%B0%E7%93%9C/data=!4m7!3m6!1s0x3442aebab1f8f4b3:0xc5039075bfbeb6f7!8m2!3d25.08932!4d121.525219!16s%2Fg%2F11dxjx0dll!19sChIJs_T4sbquQjQR97a-v3WQA8U?authuser=0&hl=zh-TW&rclk=1
北大牛排,https://www.google.com.tw/maps/place/%E5%8C%97%E5%A4%A7%E7%89%9B%E6%8E%92/data=!4m7!3m6!1s0x3442aea538e34993:0x42d6d89934ca8444!8m2!3d25.0897965!4d121.5265198!16s%2Fg%2F11b6gjbkc6!19sChIJk0njOKWuQjQRRITKNJnY1kI?authuser=0&hl=zh-TW&rclk=1
韓玉館,https://www.google.com.tw/maps/place/%E9%9F%93%E7%8E%89%E9%A4%A8/data=!4m7!3m6!1s0x3442aeafe166a40d:0xb97da034d760ef7b!8m2!3d25.0874829!4d121.5258149!16s%2Fg%2F1tdms9w2!19sChIJDaRm4a-uQjQRe-9g1zSgfbk?authuser=0&hl=zh-TW&rclk=1
大鶴青田 炭火居酒屋 士林店-Orion暢飲中,https://www.google.com.tw/maps/place/%E5%A4%A7%E9%B6%B4%E9%9D%92%E7%94%B0+%E7%82%AD%E7%81%AB%E5%B1%85%E9%85%92%E5%B1%8B+%E5%A3%AB%E6%9E%97%E5%BA%97-Orion%E6%9A%A2%E9%A3%B2%E4%B8%AD/data=!4m7!3m6!1s0x3442af93560dacd1:0x3a378e06d7b10e22!8m2!3d25.0897805!4d121.5271284!16s%2Fg%2F11tcpghkxw!19sChIJ0awNVpOvQjQRIg6x1waONzo?authuser=0&hl=zh-TW&rclk=1
素食 | 蔬食 | Vegetarian | 吉彖蔬食堂＆沙茶芝麻醬麻辣燙、皮蛋涼麵,https://www.google.com.tw/maps/place/%E7%B4%A0%E9%A3%9F+%7C+%E8%94%AC%E9%A3%9F+%7C+Vegetarian+%7C+%E5%90%89%E5%BD%96%E8%94%AC%E9%A3%9F%E5%A0%82%EF%BC%86%E6%B2%99%E8%8C%B6%E8%8A%9D%E9%BA%BB%E9%86%AC%E9%BA%BB%E8%BE%A3%E7%87%99%E3%80%81%E7%9A%AE%E8%9B%8B%E6%B6%BC%E9%BA%B5/data=!4m7!3m6!1s0x3442afdef8d2b51d:0x93e03d05eec7a39d!8m2!3d25.0881765!4d121.5235121!16s%2Fg%2F11r9h2dfjg!19sChIJHbXS-N6vQjQRnaPH7gU94JM?authuser=0&hl=zh-TW&rclk=1
八芝蘭涼麵,https://www.google.com.tw/maps/place/%E5%85%AB%E8%8A%9D%E8%98%AD%E6%B6%BC%E9%BA%B5/data=!4m7!3m6!1s0x3442af1b406b3bb3:0x9c74ba47494aacf4!8m2!3d25.0881565!4d121.5265426!16s%2Fg%2F11fm6k7833!19sChIJsztrQBuvQjQR9KxKSUe6dJw?authuser=0&hl=zh-TW&rclk=1
忠誠號生炒三鮮,https://www.google.com.tw/maps/place/%E5%BF%A0%E8%AA%A0%E8%99%9F%E7%94%9F%E7%82%92%E4%B8%89%E9%AE%AE/data=!4m7!3m6!1s0x3442aeb06b5a6923:0xa0d15f5f6bf3fc!8m2!3d25.0878512!4d121.5241611!16s%2Fg%2F11bbrm08f_!19sChIJI2laa7CuQjQR_PNrX1_RoAA?authuser=0&hl=zh-TW&rclk=1
Modism Café 摩德年代 士林店,https://www.google.com.tw/maps/place/Modism+Caf%C3%A9+%E6%91%A9%E5%BE%B7%E5%B9%B4%E4%BB%A3+%E5%A3%AB%E6%9E%97%E5%BA%97/data=!4m7!3m6!1s0x3442af897bb3899f:0x2d2afba725d7ee0d!8m2!3d25.0945299!4d121.5262273!16s%2Fg%2F11h0vsqw6_!19sChIJn4mze4mvQjQRDe7XJaf7Ki0?authuser=0&hl=zh-TW&rclk=1
蝦霸,https://www.google.com.tw/maps/place/%E8%9D%A6%E9%9C%B8/data=!4m7!3m6!1s0x3442aeba99d38fb3:0x9f5c51266f9c941d!8m2!3d25.0895635!4d121.523961!16s%2Fg%2F11ggs50g12!19sChIJs4_TmbquQjQRHZScbyZRXJ8?authuser=0&hl=zh-TW&rclk=1
北投炸蛋蔥油餅（士林店）,https://www.google.com.tw/maps/place/%E5%8C%97%E6%8A%95%E7%82%B8%E8%9B%8B%E8%94%A5%E6%B2%B9%E9%A4%85%EF%BC%88%E5%A3%AB%E6%9E%97%E5%BA%97%EF%BC%89/data=!4m7!3m6!1s0x3442af54b7fd3707:0x1f0a695be694f465!8m2!3d25.0864435!4d121.5249557!16s%2Fg%2F11vhx1lfsv!19sChIJBzf9t1SvQjQRZfSU5ltpCh8?authuser=0&hl=zh-TW&rclk=1
滿佳香,https://www.google.com.tw/maps/place/%E6%BB%BF%E4%BD%B3%E9%A6%99/data=!4m7!3m6!1s0x3442aea534d41467:0xd86edd2387f956b2!8m2!3d25.0900734!4d121.5256216!16s%2Fg%2F1tv21vzy!19sChIJZxTUNKWuQjQRslb5hyPdbtg?authuser=0&hl=zh-TW&rclk=1
士林水煎包,https://www.google.com.tw/maps/place/%E5%A3%AB%E6%9E%97%E6%B0%B4%E7%85%8E%E5%8C%85/data=!4m7!3m6!1s0x3442aeaffc11ac75:0x2f3fcb6185010e47!8m2!3d25.0881234!4d121.52599!16s%2Fg%2F1pzqj24z5!19sChIJdawR_K-uQjQRRw4BhWHLPy8?authuser=0&hl=zh-TW&rclk=1
基河臭豆腐,https://www.google.com.tw/maps/place/%E5%9F%BA%E6%B2%B3%E8%87%AD%E8%B1%86%E8%85%90/data=!4m7!3m6!1s0x3442aeb02d769f35:0x1c5cc8671fc4a973!8m2!3d25.0862984!4d121.5249504!16s%2Fg%2F11c2pvcwqd!19sChIJNZ92LbCuQjQRc6nEH2fIXBw?authuser=0&hl=zh-TW&rclk=1
Le Flam 樂芙坊,https://www.google.com.tw/maps/place/Le+Flam+%E6%A8%82%E8%8A%99%E5%9D%8A/data=!4m7!3m6!1s0x3442aeb19c865af3:0x9ff16303a43b4e21!8m2!3d25.0846563!4d121.5230568!16s%2Fg%2F11b90kxp9v!19sChIJ81qGnLGuQjQRIU47pANj8Z8?authuser=0&hl=zh-TW&rclk=1
高雄東山鴨頭,https://www.google.com.tw/maps/place/%E9%AB%98%E9%9B%84%E6%9D%B1%E5%B1%B1%E9%B4%A8%E9%A0%AD/data=!4m7!3m6!1s0x3442aeb031eaa817:0xe10da03551807dfe!8m2!3d25.086499!4d121.524943!16s%2Fg%2F1tfwmnmv!19sChIJF6jqMbCuQjQR_n2AUTWgDeE?authuser=0&hl=zh-TW&rclk=1
士林生炒羊肉,https://www.google.com.tw/maps/place/%E5%A3%AB%E6%9E%97%E7%94%9F%E7%82%92%E7%BE%8A%E8%82%89/data=!4m7!3m6!1s0x3442aebaa849ce89:0xfa5926a6666fc3a0!8m2!3d25.088799!4d121.5247925!16s%2Fg%2F1tsbjtpq!19sChIJic5JqLquQjQRoMNvZqYmWfo?authuser=0&hl=zh-TW&rclk=1
士林鄭 串燒臭豆腐,https://www.google.com.tw/maps/place/%E5%A3%AB%E6%9E%97%E9%84%AD+%E4%B8%B2%E7%87%92%E8%87%AD%E8%B1%86%E8%85%90/data=!4m7!3m6!1s0x3442af693186ddcf:0x7040d6a8a8f53643!8m2!3d25.0866221!4d121.5248648!16s%2Fg%2F11q3mbqtdq!19sChIJz92GMWmvQjQRQzb1qKjWQHA?authuser=0&hl=zh-TW&rclk=1
芝山岩牛肉麵,https://www.google.com.tw/maps/place/%E8%8A%9D%E5%B1%B1%E5%B2%A9%E7%89%9B%E8%82%89%E9%BA%B5/data=!4m7!3m6!1s0x3442ae991446c3db:0x4bdcf38297869217!8m2!3d25.0890332!4d121.5180674!16s%2Fg%2F12cpctlx_!19sChIJ28NGFJmuQjQRF5KGl4Lz3Es?authuser=0&hl=zh-TW&rclk=1
士林豪大大雞排-基河店,https://www.google.com.tw/maps/place/%E5%A3%AB%E6%9E%97%E8%B1%AA%E5%A4%A7%E5%A4%A7%E9%9B%9E%E6%8E%92-%E5%9F%BA%E6%B2%B3%E5%BA%97/data=!4m7!3m6!1s0x3442aeb06d000ac5:0xd3d39c6d650ee56!8m2!3d25.0880958!4d121.5239761!16s%2Fg%2F11g8ll3463!19sChIJxQoAbbCuQjQRVu5Q1sY5PQ0?authuser=0&hl=zh-TW&rclk=1
阿德泰式香蕉煎餅（囉滴香蕉煎餅）,https://www.google.com.tw/maps/place/%E9%98%BF%E5%BE%B7%E6%B3%B0%E5%BC%8F%E9%A6%99%E8%95%89%E7%85%8E%E9%A4%85%EF%BC%88%E5%9B%89%E6%BB%B4%E9%A6%99%E8%95%89%E7%85%8E%E9%A4%85%EF%BC%89/data=!4m7!3m6!1s0x3442aeaffc11ac75:0x542472a1c2bf6a9e!8m2!3d25.088077!4d121.525896!16s%2Fg%2F12hlbp4_d!19sChIJdawR_K-uQjQRnmq_wqFyJFQ?authuser=0&hl=zh-TW&rclk=1
士林放感情｜ 士林餐酒館,https://www.google.com.tw/maps/place/%E5%A3%AB%E6%9E%97%E6%94%BE%E6%84%9F%E6%83%85%EF%BD%9C+%E5%A3%AB%E6%9E%97%E9%A4%90%E9%85%92%E9%A4%A8/data=!4m7!3m6!1s0x3442aebb34f53bb9:0x512b60f5da825a80!8m2!3d25.0923151!4d121.5254104!16s%2Fg%2F11c1xm3tf3!19sChIJuTv1NLuuQjQRgFqC2vVgK1E?authuser=0&hl=zh-TW&rclk=1
蜜酥雞排,https://www.google.com.tw/maps/place/%E8%9C%9C%E9%85%A5%E9%9B%9E%E6%8E%92/data=!4m7!3m6!1s0x3442aeaff8139cfd:0xd8979aef7931df1e!8m2!3d25.0883455!4d121.5261655!16s%2Fg%2F1tdld_5n!19sChIJ_ZwT-K-uQjQRHt8xee-al9g?authuser=0&hl=zh-TW&rclk=1
士林燒餅,https://www.google.com.tw/maps/place/%E5%A3%AB%E6%9E%97%E7%87%92%E9%A4%85/data=!4m7!3m6!1s0x3442aeba865be63d:0x350a1ef24aee35bc!8m2!3d25.0897135!4d121.5230323!16s%2Fg%2F11htvmy6gz!19sChIJPeZbhrquQjQRvDXuSvIeCjU?authuser=0&hl=zh-TW&rclk=1
起司鮮蝦蛋,https://www.google.com.tw/maps/place/%E8%B5%B7%E5%8F%B8%E9%AE%AE%E8%9D%A6%E8%9B%8B/data=!4m7!3m6!1s0x3442af6a9b5c76a5:0x4357969b8552fe3!8m2!3d25.0895449!4d121.524358!16s%2Fg%2F11tfxptvl4!19sChIJpXZcm2qvQjQR4y9VuGl5NQQ?authuser=0&hl=zh-TW&rclk=1
偷食兔 (原晨與食),https://www.google.com.tw/maps/place/%E5%81%B7%E9%A3%9F%E5%85%94+%28%E5%8E%9F%E6%99%A8%E8%88%87%E9%A3%9F%29/data=!4m7!3m6!1s0x3442afb1ab835379:0x858a0c3bb3a86182!8m2!3d25.0909037!4d121.5246292!16s%2Fg%2F11m97cb17_!19sChIJeVODq7GvQjQRgmGoszsMioU?authuser=0&hl=zh-TW&rclk=1
王家豬血糕 black cake,https://www.google.com.tw/maps/place/%E7%8E%8B%E5%AE%B6%E8%B1%AC%E8%A1%80%E7%B3%95+black+cake/data=!4m7!3m6!1s0x3442aeb01bf92f4b:0x39b7bb32a1b71ad7!8m2!3d25.0876496!4d121.5252948!16s%2Fg%2F1vd3sh1q!19sChIJSy_5G7CuQjQR1xq3oTK7tzk?authuser=0&hl=zh-TW&rclk=1
丞祖胡椒餅 士林區大南店,https://www.google.com.tw/maps/place/%E4%B8%9E%E7%A5%96%E8%83%A1%E6%A4%92%E9%A4%85+%E5%A3%AB%E6%9E%97%E5%8D%80%E5%A4%A7%E5%8D%97%E5%BA%97/data=!4m7!3m6!1s0x3442a99eb516d117:0x1624e3bba8fa1fe9!8m2!3d25.0898692!4d121.5232128!16s%2Fg%2F12hl0mh_s!19sChIJF9EWtZ6pQjQR6R_6qLvjJBY?authuser=0&hl=zh-TW&rclk=1
老士林蕭記燒烤肉卷,https://www.google.com.tw/maps/place/%E8%80%81%E5%A3%AB%E6%9E%97%E8%95%AD%E8%A8%98%E7%87%92%E7%83%A4%E8%82%89%E5%8D%B7/data=!4m7!3m6!1s0x3442aebaaddba463:0xa0d798ca147eb113!8m2!3d25.0895141!4d121.525292!16s%2Fg%2F12m8_zq6z!19sChIJY6TbrbquQjQRE7F-FMqY16A?authuser=0&hl=zh-TW&rclk=1
士林好記,https://www.google.com.tw/maps/place/%E5%A3%AB%E6%9E%97%E5%A5%BD%E8%A8%98/data=!4m7!3m6!1s0x3442aeb06b5a6923:0x9fa315de10bb400a!8m2!3d25.0880024!4d121.5241766!16s%2Fg%2F12hpr39zg!19sChIJI2laa7CuQjQRCkC7EN4Vo58?authuser=0&hl=zh-TW&rclk=1
